"","V1","V2","V3","V4","V5","V6","V7","V8","V9","V10","V11"
"x",10999,1709568509.33972,1709568509.33996,1709568509.4638,1709568509.46627,1709568509.46641,1709568509.47554,1709568509.47646,1709568509.47678,1709568509.50328,1709568509.72843
"x1",35049,1709568511.11516,1709568511.11526,1709568511.24028,1709568511.2614,1709568511.26156,1709568511.72375,1709568511.72468,1709568511.72504,1709568511.78987,1709568512.01266
"x2",14249,1709568510.06226,1709568510.06238,1709568511.07958,1709568511.11665,1709568511.11679,1709568511.22585,1709568511.22667,1709568511.22712,1709568511.32975,1709568511.67803
"x3",10449,1709568510.34751,1709568510.34759,1709568511.02353,1709568511.04968,1709568511.04983,1709568511.10232,1709568511.10283,1709568511.10315,1709568511.20422,1709568511.5453
"x4",10599,1709568512.17436,1709568512.17441,1709568513.1355,1709568513.15445,1709568513.15462,1709568513.21035,1709568513.21089,1709568513.21109,1709568513.30451,1709568513.62238
"x5",13199,1709568510.18804,1709568510.18824,1709568510.30326,1709568510.30537,1709568510.3055,1709568510.3102,1709568510.31074,1709568510.31098,1709568510.33513,1709568510.55783
"x6",12099,1709568511.04076,1709568511.04101,1709568511.14755,1709568511.1489,1709568511.149,1709568511.15252,1709568511.15308,1709568511.15339,1709568511.17724,1709568511.40651
"x7",20349,1709568511.38337,1709568511.38378,1709568511.76086,1709568511.76457,1709568511.76469,1709568511.78046,1709568511.78148,1709568511.78182,1709568511.83334,1709568512.0609
"x8",10999,1709568510.90738,1709568510.90763,1709568511.22653,1709568511.23102,1709568511.23116,1709568511.23585,1709568511.23639,1709568511.23675,1709568511.29401,1709568511.51843
"x9",12099,1709568510.95518,1709568510.95543,1709568511.04299,1709568511.04456,1709568511.04471,1709568511.04684,1709568511.04743,1709568511.0477,1709568511.0667,1709568511.27837
"x10",16499,1709568504.28752,1709568504.28789,1709568504.45489,1709568504.45736,1709568504.4575,1709568504.46244,1709568504.46316,1709568504.46347,1709568504.49118,1709568504.69408
"x11",13199,1709568501.72329,1709568501.72382,1709568502.18304,1709568502.1885,1709568502.22657,1709568502.23424,1709568502.23495,1709568502.23546,1709568502.26006,1709568502.67596
"x12",23349,1709568504.87713,1709568504.87727,1709568504.94781,1709568504.95836,1709568504.95848,1709568505.169,1709568505.16981,1709568505.17008,1709568505.20597,1709568505.42811
"x13",17149,1709568503.36456,1709568503.36478,1709568503.59847,1709568503.60567,1709568503.60581,1709568503.6201,1709568503.62712,1709568503.62754,1709568503.66449,1709568503.89822
"x14",13199,1709568504.82306,1709568504.82333,1709568504.91041,1709568504.91239,1709568504.91252,1709568504.9287,1709568504.92968,1709568504.93003,1709568504.95068,1709568505.15791
"x15",10549,1709568505.00046,1709568505.00061,1709568505.03215,1709568505.03302,1709568505.03312,1709568505.03415,1709568505.03467,1709568505.0348,1709568505.0447,1709568505.24447
"x16",10999,1709568504.91673,1709568504.91689,1709568504.98329,1709568504.9844,1709568504.98451,1709568504.98708,1709568504.98762,1709568504.98788,1709568505.00326,1709568505.25165
"x17",11849,1709568503.74618,1709568503.74644,1709568503.82138,1709568503.82309,1709568503.82324,1709568503.82726,1709568503.82798,1709568503.82836,1709568503.85175,1709568504.06763
"x18",12099,1709568505.24884,1709568505.24911,1709568505.33154,1709568505.33289,1709568505.33301,1709568505.3395,1709568505.34014,1709568505.34047,1709568505.358,1709568505.57844
"x19",12099,1709568505.74106,1709568505.74131,1709568505.86459,1709568505.86686,1709568505.86698,1709568505.87141,1709568505.8722,1709568505.87253,1709568505.89628,1709568506.11349
"x20",10999,1709568506.2765,1709568506.27673,1709568506.32578,1709568506.32703,1709568506.32715,1709568506.33358,1709568506.33431,1709568506.33462,1709568506.35845,1709568506.56849
"x21",10649,1709568507.79252,1709568507.79275,1709568507.83909,1709568507.84036,1709568507.84049,1709568507.84196,1709568507.84241,1709568507.84263,1709568507.85856,1709568508.07147
"x22",14299,1709568506.64448,1709568506.64472,1709568506.87,1709568506.8736,1709568506.87374,1709568506.88767,1709568506.88851,1709568506.88883,1709568506.92678,1709568507.14597
"x23",12099,1709568503.06863,1709568503.06879,1709568503.52911,1709568503.53182,1709568503.53198,1709568503.53731,1709568503.53804,1709568503.53839,1709568503.56996,1709568503.83504
"x24",13199,1709568506.94818,1709568506.94847,1709568507.04942,1709568507.05133,1709568507.05147,1709568507.0562,1709568507.05668,1709568507.05687,1709568507.07701,1709568507.29355
"x25",10399,1709568507.32785,1709568507.32799,1709568507.38391,1709568507.38527,1709568507.38543,1709568507.38815,1709568507.38869,1709568507.38904,1709568507.40538,1709568507.61635
"x26",10999,1709568507.71675,1709568507.717,1709568507.79537,1709568507.79675,1709568507.79689,1709568507.80074,1709568507.80132,1709568507.80163,1709568507.8193,1709568508.03161
"x27",14299,1709568507.81565,1709568507.81594,1709568507.96718,1709568507.96986,1709568507.97,1709568507.97607,1709568507.97673,1709568507.97708,1709568508.00535,1709568508.23545
"x28",13199,1709568507.85062,1709568507.8509,1709568507.94882,1709568507.95051,1709568507.95064,1709568507.9526,1709568507.95308,1709568507.95338,1709568507.97375,1709568508.18509
"x29",10999,1709568507.90837,1709568507.90862,1709568507.97417,1709568507.97546,1709568507.9756,1709568507.98032,1709568507.98084,1709568507.98115,1709568507.99733,1709568508.20082
"x30",12099,1709568508.49987,1709568508.50003,1709568508.60473,1709568508.60664,1709568508.60678,1709568508.61071,1709568508.61134,1709568508.6117,1709568508.63345,1709568508.83645
"x31",16499,1709568508.92142,1709568508.92154,1709568508.98102,1709568508.98637,1709568508.98651,1709568509.10471,1709568509.10537,1709568509.1057,1709568509.13851,1709568509.41479
"x32",23099,1709568509.05116,1709568509.05126,1709568509.2413,1709568509.26419,1709568509.26436,1709568509.52489,1709568509.52593,1709568509.52632,1709568509.59366,1709568509.87541
"x33",10999,1709568509.16852,1709568509.16871,1709568509.22538,1709568509.22702,1709568509.22716,1709568509.23124,1709568509.2319,1709568509.23224,1709568509.24856,1709568509.46838
"x34",10999,1709568574.87262,1709568574.87284,1709568574.90357,1709568574.90412,1709568574.90424,1709568574.90544,1709568574.90586,1709568574.90601,1709568574.91441,1709568575.10637
"x35",10999,1709568575.07339,1709568575.07362,1709568575.13251,1709568575.13403,1709568575.13415,1709568575.13584,1709568575.13633,1709568575.13658,1709568575.15371,1709568575.37068
"x36",17599,1709568576.75277,1709568576.753,1709568576.9515,1709568576.9542,1709568576.95432,1709568576.96159,1709568576.96221,1709568576.96248,1709568577.01175,1709568577.23321
"x37",10999,1709568576.58817,1709568576.58841,1709568576.6482,1709568576.64949,1709568576.64963,1709568576.65239,1709568576.65304,1709568576.65335,1709568576.67269,1709568576.86809
"x38",12099,1709568576.69394,1709568576.69409,1709568576.76744,1709568576.76908,1709568576.76922,1709568576.79325,1709568576.79419,1709568576.79462,1709568576.81268,1709568577.02326
"x39",14299,1709568576.86808,1709568576.86836,1709568576.96909,1709568576.97101,1709568576.97115,1709568576.97598,1709568576.9768,1709568576.9771,1709568576.99895,1709568577.18056
"x40",10999,1709568577.32626,1709568577.32641,1709568577.38202,1709568577.38338,1709568577.38352,1709568577.38543,1709568577.38604,1709568577.3863,1709568577.40283,1709568577.62153
"x41",19749,1709568578.37928,1709568578.37967,1709568578.6936,1709568578.6971,1709568578.69722,1709568578.71197,1709568578.71312,1709568578.7135,1709568578.77054,1709568578.98897
"x42",10249,1709568578.64603,1709568578.64629,1709568578.79031,1709568578.79284,1709568578.79298,1709568578.79765,1709568578.79842,1709568578.79877,1709568578.82565,1709568579.04663
"x43",12099,1709568578.01308,1709568578.01336,1709568578.20466,1709568578.20747,1709568578.20761,1709568578.21347,1709568578.21424,1709568578.21457,1709568578.24564,1709568578.49258
"x44",13199,1709568578.45624,1709568578.45654,1709568578.57386,1709568578.57615,1709568578.57627,1709568578.58142,1709568578.582,1709568578.58229,1709568578.6247,1709568578.835
"x45",10999,1709568578.38712,1709568578.38736,1709568578.46322,1709568578.46457,1709568578.46471,1709568578.46712,1709568578.4675,1709568578.46782,1709568578.4836,1709568578.7067
"x46",18349,1709568579.04575,1709568579.04583,1709568580.94408,1709568580.97309,1709568580.97326,1709568581.0516,1709568581.05248,1709568581.05272,1709568581.26683,1709568581.52091
"x47",10949,1709568571.5935,1709568571.59361,1709568573.19271,1709568573.21993,1709568573.22006,1709568573.29051,1709568573.29119,1709568573.29152,1709568573.42777,1709568573.76714
"x48",10999,1709568571.84115,1709568571.84142,1709568571.97041,1709568571.97277,1709568571.9729,1709568571.97601,1709568571.97655,1709568571.97686,1709568572.00005,1709568572.19851
"x49",10999,1709568572.87867,1709568572.87891,1709568572.9786,1709568572.98041,1709568572.98055,1709568572.98344,1709568572.98393,1709568572.98422,1709568573.00199,1709568573.20986
"x50",18699,1709568572.88213,1709568572.8822,1709568572.95834,1709568572.96365,1709568572.9638,1709568573.09911,1709568573.09987,1709568573.10009,1709568573.13376,1709568573.36387
"x51",10999,1709568572.88758,1709568572.8878,1709568572.92603,1709568572.92719,1709568572.92731,1709568572.92931,1709568572.9298,1709568572.93007,1709568572.94104,1709568573.18643
"x52",29949,1709568573.42771,1709568573.42824,1709568573.95801,1709568573.96324,1709568573.96339,1709568573.98664,1709568573.98809,1709568573.98846,1709568574.04224,1709568574.25501
"x53",12099,1709568573.09759,1709568573.09784,1709568573.16758,1709568573.1686,1709568573.16872,1709568573.17115,1709568573.17167,1709568573.172,1709568573.19635,1709568573.41339
"x54",16499,1709568573.49262,1709568573.49284,1709568573.56606,1709568573.56841,1709568573.56856,1709568573.57831,1709568573.57925,1709568573.57958,1709568573.61638,1709568573.83226
"x55",17399,1709568574.27114,1709568574.27136,1709568574.41453,1709568574.41618,1709568574.41629,1709568574.42042,1709568574.42098,1709568574.42133,1709568574.44301,1709568574.65467
"x56",12099,1709568579.69994,1709568579.70023,1709568579.84327,1709568579.84576,1709568579.84591,1709568579.85205,1709568579.85296,1709568579.85333,1709568579.88071,1709568580.10753
"x57",10999,1709568580.69817,1709568580.6984,1709568580.79888,1709568580.80086,1709568580.80099,1709568580.80453,1709568580.80522,1709568580.80557,1709568580.82602,1709568581.06809
"x58",11749,1709568580.75183,1709568580.7521,1709568580.91488,1709568580.91751,1709568580.91765,1709568580.9224,1709568580.92314,1709568580.92348,1709568580.95737,1709568581.18683
"x59",15399,1709568581.0737,1709568581.07398,1709568581.21203,1709568581.21441,1709568581.21455,1709568581.22691,1709568581.22782,1709568581.22814,1709568581.25278,1709568581.49589
"x60",15399,1709568581.11752,1709568581.11783,1709568581.27992,1709568581.28223,1709568581.28237,1709568581.28731,1709568581.28795,1709568581.28829,1709568581.32366,1709568581.53834
"x61",10999,1709568581.13364,1709568581.13388,1709568581.17308,1709568581.17418,1709568581.17432,1709568581.19788,1709568581.19849,1709568581.19884,1709568581.21212,1709568581.40702
"x62",12099,1709568581.34483,1709568581.34507,1709568581.47559,1709568581.47778,1709568581.47794,1709568581.48135,1709568581.48196,1709568581.48221,1709568581.52153,1709568581.73019
"x63",10599,1709568581.65675,1709568581.65699,1709568581.80391,1709568581.80709,1709568581.80725,1709568581.81487,1709568581.81548,1709568581.81584,1709568581.86648,1709568582.10308
"x64",10999,1709568581.69139,1709568581.69153,1709568581.7619,1709568581.76372,1709568581.76386,1709568581.76815,1709568581.76867,1709568581.76896,1709568581.79894,1709568582.01677
"x65",12099,1709568581.84875,1709568581.84903,1709568582.0107,1709568582.01374,1709568582.01388,1709568582.01977,1709568582.02055,1709568582.02089,1709568582.07457,1709568582.31984
"x66",14299,1709568581.95412,1709568581.95441,1709568582.08705,1709568582.08933,1709568582.08948,1709568582.09585,1709568582.09654,1709568582.0969,1709568582.12059,1709568582.334
"x67",10149,1709568582.50527,1709568582.50543,1709568582.56916,1709568582.57111,1709568582.57125,1709568582.57585,1709568582.57658,1709568582.57677,1709568582.593,1709568582.80978
"x68",10999,1709568582.44299,1709568582.44321,1709568582.51986,1709568582.52148,1709568582.52162,1709568582.52323,1709568582.52363,1709568582.54483,1709568582.56848,1709568582.79305
"x69",10999,1709568582.40561,1709568582.40587,1709568582.5879,1709568582.59067,1709568582.5908,1709568582.59459,1709568582.59529,1709568582.59559,1709568582.62288,1709568582.86127
"x70",18699,1709568582.68249,1709568582.68274,1709568582.91756,1709568582.92049,1709568582.92063,1709568582.92696,1709568582.92762,1709568582.92799,1709568582.97544,1709568583.20978
"x71",14299,1709568583.21845,1709568583.21873,1709568583.40677,1709568583.40949,1709568583.40962,1709568583.41487,1709568583.41542,1709568583.41571,1709568583.45564,1709568583.67119
"x72",11449,1709568583.70648,1709568583.70664,1709568584.37736,1709568584.38148,1709568584.38162,1709568584.38402,1709568584.38467,1709568584.38493,1709568584.44143,1709568584.64061
"x73",17599,1709568583.55407,1709568583.55441,1709568583.70899,1709568583.71136,1709568583.7115,1709568583.72116,1709568583.72207,1709568583.72233,1709568583.77091,1709568583.98888
"x74",11549,1709568584.67322,1709568584.67347,1709568584.82052,1709568584.82351,1709568584.82365,1709568584.82854,1709568584.82924,1709568584.82959,1709568584.88373,1709568585.11662
"x75",12099,1709568583.57489,1709568583.57509,1709568583.68602,1709568583.6883,1709568583.68844,1709568583.69318,1709568583.69409,1709568583.69441,1709568583.71714,1709568583.93706
"x76",12099,1709568583.72405,1709568583.72421,1709568584.02929,1709568584.03368,1709568584.03382,1709568584.05406,1709568584.05476,1709568584.0551,1709568584.10407,1709568584.3208
"x77",15399,1709568583.92491,1709568583.92524,1709568584.14342,1709568584.1466,1709568584.14673,1709568584.15342,1709568584.15419,1709568584.15451,1709568584.18947,1709568584.40071
"x78",14299,1709568583.98531,1709568583.98542,1709568584.07709,1709568584.08283,1709568584.083,1709568584.16234,1709568584.16299,1709568584.16329,1709568584.19098,1709568584.40616
"x79",15399,1709568584.31357,1709568584.31385,1709568584.48746,1709568584.4902,1709568584.49034,1709568584.49495,1709568584.49548,1709568584.49569,1709568584.52734,1709568584.74387
"x80",13199,1709568584.72166,1709568584.72193,1709568584.83535,1709568584.8375,1709568584.83763,1709568584.84082,1709568584.84157,1709568584.84174,1709568584.86362,1709568585.0706
"x81",10999,1709568585.59402,1709568585.59426,1709568585.64937,1709568585.6508,1709568585.65094,1709568585.65321,1709568585.65387,1709568585.65406,1709568585.69123,1709568585.907
"x82",12199,1709568586.78221,1709568586.78235,1709568587.25668,1709568587.26737,1709568587.26752,1709568587.32072,1709568587.32218,1709568587.32252,1709568587.4033,1709568587.65741
"x83",10999,1709568587.24127,1709568587.24148,1709568587.31051,1709568587.31187,1709568587.31201,1709568587.3168,1709568587.31756,1709568587.31789,1709568587.34636,1709568587.55648
"x84",15399,1709568587.46571,1709568587.46606,1709568587.64895,1709568587.65132,1709568587.65143,1709568587.65841,1709568587.65931,1709568587.65964,1709568587.6905,1709568587.90389
"x85",10999,1709568587.52163,1709568587.52187,1709568587.58822,1709568587.58977,1709568587.58989,1709568587.59356,1709568587.5943,1709568587.59463,1709568587.62109,1709568587.84575
"x86",10999,1709568587.82209,1709568587.82232,1709568587.91015,1709568587.91231,1709568587.91244,1709568587.91507,1709568587.91561,1709568587.91588,1709568587.93741,1709568588.15036
"x87",10999,1709568588.76827,1709568588.76852,1709568588.82682,1709568588.82843,1709568588.82856,1709568588.83395,1709568588.83449,1709568588.83481,1709568588.84929,1709568589.05907
"x88",14299,1709568589.68427,1709568589.68456,1709568589.82359,1709568589.82582,1709568589.82596,1709568589.82999,1709568589.83047,1709568589.83076,1709568589.85027,1709568590.05063
"x89",12099,1709568589.84693,1709568589.8472,1709568589.95035,1709568589.95255,1709568589.95268,1709568589.95627,1709568589.95685,1709568589.95714,1709568589.97746,1709568590.20495
"x90",12099,1709568590.38551,1709568590.38577,1709568590.46969,1709568590.47127,1709568590.4714,1709568590.47365,1709568590.47403,1709568590.47424,1709568590.49001,1709568590.71141
"x91",18299,1709568591.12431,1709568591.1244,1709568591.18042,1709568591.18325,1709568591.18339,1709568591.25079,1709568591.25194,1709568591.25233,1709568591.27406,1709568591.52365
"x92",14299,1709568591.72408,1709568591.72425,1709568591.82235,1709568591.82405,1709568591.82418,1709568591.83196,1709568591.83292,1709568591.83321,1709568591.86483,1709568592.08589
"x93",15399,1709568592.11487,1709568592.11507,1709568592.23686,1709568592.23846,1709568592.23859,1709568592.2432,1709568592.24391,1709568592.24425,1709568592.2753,1709568592.49396
"x94",12899,1709568592.41182,1709568592.41211,1709568592.47077,1709568592.47228,1709568592.47241,1709568592.4785,1709568592.47906,1709568592.47939,1709568592.51404,1709568592.72893
"x95",12099,1709568592.65156,1709568592.65178,1709568592.89698,1709568592.90095,1709568592.90109,1709568592.91099,1709568592.91163,1709568592.91196,1709568592.97474,1709568593.24554
"x96",13199,1709568593.02521,1709568593.02552,1709568593.09742,1709568593.09905,1709568593.09919,1709568593.1027,1709568593.10329,1709568593.10363,1709568593.12373,1709568593.36194
"x97",25299,1709568593.28009,1709568593.28055,1709568593.63859,1709568593.64233,1709568593.64247,1709568593.66275,1709568593.66392,1709568593.66426,1709568593.71931,1709568593.95699
"x98",14299,1709568593.13466,1709568593.13496,1709568593.1947,1709568593.19579,1709568593.19593,1709568593.19839,1709568593.19904,1709568593.19925,1709568593.21262,1709568593.42986
"x99",20749,1709568594.74647,1709568594.74686,1709568594.97181,1709568594.97491,1709568594.97506,1709568594.98248,1709568594.98329,1709568594.98363,1709568595.01553,1709568595.20897
"x100",12099,1709568594.36682,1709568594.36709,1709568594.43447,1709568594.43534,1709568594.43544,1709568594.4382,1709568594.43887,1709568594.43902,1709568594.46072,1709568594.68956
"x101",10999,1709568594.41618,1709568594.41642,1709568594.48529,1709568594.48683,1709568594.48698,1709568594.48998,1709568594.49049,1709568594.49072,1709568594.5089,1709568594.73866
"x102",25238,1709568594.74515,1709568594.74527,1709568596.11254,1709568596.19439,1709568596.19454,1709568596.46234,1709568596.46353,1709568596.46386,1709568596.6975,1709568597.24709
"x103",10999,1709568594.72165,1709568594.72189,1709568594.79591,1709568594.79691,1709568594.79705,1709568594.80031,1709568594.80093,1709568594.80118,1709568594.83348,1709568595.04499
"x104",12399,1709568595.08151,1709568595.0818,1709568595.23001,1709568595.23248,1709568595.23261,1709568595.2358,1709568595.23638,1709568595.23672,1709568595.27466,1709568595.48125
"x105",12099,1709568595.36132,1709568595.36157,1709568595.4107,1709568595.41178,1709568595.41188,1709568595.41307,1709568595.41348,1709568595.41373,1709568595.42609,1709568595.64661
"x106",12099,1709568595.49844,1709568595.49867,1709568595.60795,1709568595.60983,1709568595.60995,1709568595.6198,1709568595.62068,1709568595.62101,1709568595.64144,1709568595.87092
"x107",10449,1709568596.0369,1709568596.03714,1709568596.07315,1709568596.07452,1709568596.07466,1709568596.07648,1709568596.07704,1709568596.07727,1709568596.09038,1709568596.31498
"x108",21999,1709568595.84025,1709568595.84049,1709568596.06049,1709568596.06311,1709568596.06326,1709568596.06971,1709568596.07028,1709568596.07063,1709568596.11162,1709568596.35925
"x109",10999,1709568595.73815,1709568595.73835,1709568595.80487,1709568595.80614,1709568595.80626,1709568595.80883,1709568595.80941,1709568595.8097,1709568595.83474,1709568596.07265
"x110",10999,1709568596.17485,1709568596.1751,1709568596.25103,1709568596.2521,1709568596.25219,1709568596.25426,1709568596.25474,1709568596.25485,1709568596.27016,1709568596.47533
"x111",10999,1709568596.86198,1709568596.86222,1709568596.92157,1709568596.92245,1709568596.92259,1709568596.92454,1709568596.92523,1709568596.9255,1709568596.93871,1709568597.14699
"x112",10999,1709568597.19295,1709568597.19317,1709568597.25489,1709568597.25599,1709568597.25609,1709568597.26235,1709568597.26307,1709568597.2634,1709568597.29935,1709568597.49515
"x113",10149,1709568597.57654,1709568597.57674,1709568597.6416,1709568597.64298,1709568597.64313,1709568597.64933,1709568597.65011,1709568597.65043,1709568597.66657,1709568597.8709
"x114",10599,1709568597.7206,1709568597.7208,1709568597.75875,1709568597.75982,1709568597.75994,1709568597.76209,1709568597.76255,1709568597.76292,1709568597.77527,1709568598.0049
"x115",13199,1709568598.21024,1709568598.21049,1709568598.35712,1709568598.35924,1709568598.35936,1709568598.36389,1709568598.3646,1709568598.36497,1709568598.39379,1709568598.606
"x116",13199,1709568597.92777,1709568597.92806,1709568598.08092,1709568598.08332,1709568598.08345,1709568598.08715,1709568598.08785,1709568598.08814,1709568598.12369,1709568598.34256
"x117",20899,1709568598.32217,1709568598.32238,1709568599.86274,1709568599.9167,1709568599.91683,1709568600.03695,1709568600.03797,1709568600.03831,1709568600.18891,1709568600.42656
"x118",11499,1709568599.08836,1709568599.08858,1709568599.23721,1709568599.23964,1709568599.23977,1709568599.24464,1709568599.24538,1709568599.2457,1709568599.26693,1709568599.47724
"x119",11649,1709568598.94591,1709568598.94613,1709568599.08235,1709568599.08531,1709568599.08545,1709568599.09251,1709568599.09305,1709568599.09339,1709568599.12066,1709568599.35059
"x120",39599,1709568599.28474,1709568599.28489,1709568599.4839,1709568599.51439,1709568599.51455,1709568599.9414,1709568599.94245,1709568599.94282,1709568600.00488,1709568600.23981
"x121",14299,1709568599.52223,1709568599.52253,1709568599.61707,1709568599.61902,1709568599.61916,1709568599.62455,1709568599.62536,1709568599.62574,1709568599.64441,1709568599.88258
"x122",14799,1709568600.29684,1709568600.29716,1709568600.51537,1709568600.51894,1709568600.51908,1709568600.52623,1709568600.527,1709568600.52733,1709568600.57848,1709568600.78113
"x123",25299,1709568599.87902,1709568599.8795,1709568600.2548,1709568600.25883,1709568600.25897,1709568600.27453,1709568600.27539,1709568600.27568,1709568600.33108,1709568600.54134
"x124",13199,1709568599.74747,1709568599.74752,1709568599.8839,1709568599.89157,1709568599.8917,1709568599.97793,1709568599.97875,1709568599.97896,1709568600.02713,1709568600.32154
"x125",35199,1709568600.02726,1709568600.02737,1709568601.01643,1709568601.06383,1709568601.064,1709568601.43529,1709568601.43656,1709568601.4369,1709568601.57379,1709568601.86701
"x126",18699,1709568600.21294,1709568600.21324,1709568600.77446,1709568600.77717,1709568600.77732,1709568600.78478,1709568600.78561,1709568600.78584,1709568600.81689,1709568601.01925
"x127",10999,1709568600.07338,1709568600.07355,1709568600.15424,1709568600.15611,1709568600.15625,1709568600.15994,1709568600.16039,1709568600.1607,1709568600.18177,1709568600.39368
"x128",10999,1709568600.09917,1709568600.09941,1709568600.27107,1709568600.27404,1709568600.27419,1709568600.27662,1709568600.27718,1709568600.27748,1709568600.30696,1709568600.51475
"x129",16499,1709568600.27332,1709568600.27363,1709568600.44135,1709568600.44423,1709568600.44438,1709568600.44841,1709568600.44899,1709568600.44922,1709568600.49515,1709568600.72215
"x130",13199,1709568600.54852,1709568600.54879,1709568600.68019,1709568600.68252,1709568600.68265,1709568600.7063,1709568600.70713,1709568600.70752,1709568600.73244,1709568600.94919
"x131",24199,1709568600.95136,1709568600.95172,1709568601.35275,1709568601.35763,1709568601.35778,1709568601.39296,1709568601.39369,1709568601.39405,1709568601.43973,1709568601.69585
"x132",17599,1709568601.11418,1709568601.1145,1709568601.28401,1709568601.28674,1709568601.28688,1709568601.30777,1709568601.30848,1709568601.30877,1709568601.33425,1709568601.56167
"x133",12099,1709568601.16925,1709568601.16955,1709568601.29919,1709568601.30131,1709568601.30145,1709568601.30503,1709568601.30572,1709568601.30608,1709568601.33989,1709568601.55774
"x134",17599,1709568601.6477,1709568601.64798,1709568603.66046,1709568603.69,1709568603.69015,1709568603.75556,1709568603.75699,1709568603.75738,1709568603.91141,1709568604.16357
"x135",10849,1709568601.85938,1709568601.85953,1709568601.92911,1709568601.93068,1709568601.93081,1709568601.93497,1709568601.93561,1709568601.93595,1709568601.95206,1709568602.18272
"x136",61099,1709568602.97254,1709568602.97268,1709568604.27285,1709568604.39394,1709568604.39413,1709568605.46458,1709568605.46633,1709568605.46664,1709568605.6706,1709568605.91711
"x137",14299,1709568602.94869,1709568602.94914,1709568602.95442,1709568602.95463,1709568602.95474,1709568602.95553,1709568602.95597,1709568602.95598,1709568602.95786,1709568602.9579
"x138",12599,1709568603.69669,1709568603.69697,1709568603.83583,1709568603.83863,1709568603.83878,1709568603.8436,1709568603.84432,1709568603.84471,1709568603.87155,1709568604.09714
"x139",21999,1709568603.58207,1709568603.58248,1709568604.01369,1709568604.01858,1709568604.01872,1709568604.03448,1709568604.03553,1709568604.03582,1709568604.08712,1709568604.29704
"x140",10999,1709568604.98152,1709568604.98176,1709568605.12206,1709568605.12497,1709568605.12511,1709568605.12905,1709568605.12969,1709568605.13003,1709568605.17458,1709568605.40406
"x141",12099,1709568605.07182,1709568605.07206,1709568605.18899,1709568605.19154,1709568605.19168,1709568605.19662,1709568605.19733,1709568605.19763,1709568605.21891,1709568605.44209
"x142",13199,1709568605.36426,1709568605.36451,1709568605.4719,1709568605.47402,1709568605.47414,1709568605.47804,1709568605.47865,1709568605.47892,1709568605.50237,1709568605.73683
"x143",16499,1709568605.42644,1709568605.42677,1709568605.65487,1709568605.65747,1709568605.65758,1709568605.66332,1709568605.66376,1709568605.66397,1709568605.70086,1709568605.89209
"x144",13199,1709568605.45307,1709568605.45338,1709568605.67529,1709568605.6776,1709568605.67772,1709568605.6826,1709568605.68319,1709568605.68352,1709568605.74101,1709568605.96305
"x145",10999,1709568605.81077,1709568605.811,1709568605.86293,1709568605.86444,1709568605.86456,1709568605.86712,1709568605.86761,1709568605.86787,1709568605.89904,1709568606.1041
"x146",10999,1709568606.44863,1709568606.44886,1709568606.53326,1709568606.53513,1709568606.53526,1709568606.5383,1709568606.53884,1709568606.53915,1709568606.57362,1709568606.79846
"x147",10999,1709568606.56288,1709568606.56311,1709568606.63289,1709568606.63465,1709568606.63479,1709568606.63915,1709568606.63974,1709568606.64009,1709568606.65963,1709568606.8676
"x148",10999,1709568606.58584,1709568606.58607,1709568606.64428,1709568606.64583,1709568606.64597,1709568606.64983,1709568606.65061,1709568606.65098,1709568606.67893,1709568606.87181
"x149",11899,1709568609.23586,1709568609.23608,1709568609.36568,1709568609.36788,1709568609.36801,1709568609.37545,1709568609.37634,1709568609.37663,1709568609.41506,1709568609.64033
"x150",13899,1709568609.71545,1709568609.71575,1709568609.83059,1709568609.83257,1709568609.83271,1709568609.83674,1709568609.83747,1709568609.8378,1709568609.85919,1709568610.05411
"x151",10999,1709568606.58101,1709568606.58124,1709568606.67179,1709568606.67321,1709568606.67337,1709568606.6768,1709568606.67738,1709568606.67765,1709568606.70987,1709568606.91651
"x152",13549,1709568607.28695,1709568607.28719,1709568607.41475,1709568607.41708,1709568607.41722,1709568607.45632,1709568607.45691,1709568607.45723,1709568607.48205,1709568607.69011
"x153",12549,1709568607.58149,1709568607.58174,1709568607.75986,1709568607.76212,1709568607.76223,1709568607.76661,1709568607.76743,1709568607.76767,1709568607.8012,1709568608.03855
"x154",13199,1709568607.53588,1709568607.53615,1709568607.69168,1709568607.69409,1709568607.69422,1709568607.70135,1709568607.70203,1709568607.70227,1709568607.74445,1709568607.96677
"x155",16499,1709568607.83999,1709568607.84025,1709568607.93852,1709568607.94049,1709568607.94062,1709568607.94537,1709568607.94609,1709568607.94642,1709568607.96634,1709568608.19601
"x156",14049,1709568607.95962,1709568607.9598,1709568608.21953,1709568608.22262,1709568608.22276,1709568608.22842,1709568608.22912,1709568608.22945,1709568608.28616,1709568608.5248
"x157",14449,1709568610.02028,1709568610.02058,1709568610.15712,1709568610.15936,1709568610.15949,1709568610.16516,1709568610.16576,1709568610.16608,1709568610.18936,1709568610.42185
"x158",10999,1709568608.24063,1709568608.24078,1709568608.35557,1709568608.35808,1709568608.35821,1709568608.36174,1709568608.36232,1709568608.36269,1709568608.38604,1709568608.61517
"x159",10999,1709568608.9765,1709568608.97672,1709568609.10907,1709568609.11147,1709568609.11161,1709568609.11542,1709568609.11601,1709568609.11636,1709568609.15599,1709568609.37882
"x160",10999,1709568608.98181,1709568608.98204,1709568609.12575,1709568609.12818,1709568609.12832,1709568609.13166,1709568609.1322,1709568609.13252,1709568609.16315,1709568609.38396
"x161",10499,1709568609.16257,1709568609.16272,1709568609.27086,1709568609.27258,1709568609.27271,1709568609.27549,1709568609.27593,1709568609.27625,1709568609.29831,1709568609.50446
"x162",10149,1709568609.1809,1709568609.18114,1709568609.27967,1709568609.28162,1709568609.28175,1709568609.28722,1709568609.28791,1709568609.28826,1709568609.32456,1709568609.52917
"x163",12499,1709568609.54087,1709568609.54112,1709568609.67805,1709568609.68056,1709568609.6807,1709568609.68587,1709568609.68659,1709568609.68693,1709568609.72738,1709568609.93512
"x164",10949,1709568610.20164,1709568610.2019,1709568610.43382,1709568610.43721,1709568610.43738,1709568610.44292,1709568610.4437,1709568610.44402,1709568610.49037,1709568610.68723
"x165",12849,1709568610.44968,1709568610.44994,1709568610.95969,1709568610.96263,1709568610.96279,1709568610.96751,1709568610.96836,1709568610.96872,1709568611.00933,1709568611.22112
"x166",10999,1709568610.08391,1709568610.08417,1709568610.26139,1709568610.26423,1709568610.26434,1709568610.26985,1709568610.27067,1709568610.27102,1709568610.32391,1709568610.54538
"x167",26749,1709568611.22581,1709568611.22589,1709568611.43219,1709568611.44494,1709568611.44508,1709568611.67414,1709568611.67499,1709568611.67522,1709568611.73458,1709568612.01906
"x168",18049,1709568611.2163,1709568611.21638,1709568611.27971,1709568611.28464,1709568611.28475,1709568611.42356,1709568611.4243,1709568611.42445,1709568611.46215,1709568611.73713
"x169",27399,1709568611.34511,1709568611.34526,1709568611.6488,1709568611.66378,1709568611.66393,1709568611.87197,1709568611.87677,1709568611.87714,1709568611.95272,1709568612.20823
"x170",20899,1709568611.79694,1709568611.79724,1709568614.34777,1709568614.41648,1709568614.41662,1709568614.56548,1709568614.56846,1709568614.56881,1709568614.76014,1709568615.10164
"x171",15899,1709568611.66337,1709568611.66371,1709568614.3338,1709568614.362,1709568614.36216,1709568614.45947,1709568614.46152,1709568614.46179,1709568614.66909,1709568615.07195
"x172",19249,1709568611.55931,1709568611.55967,1709568613.61697,1709568613.65191,1709568613.65204,1709568613.75954,1709568613.76165,1709568613.76202,1709568613.96884,1709568614.33523
"x173",16399,1709568611.77509,1709568611.77548,1709568613.36711,1709568613.38646,1709568613.38661,1709568613.45267,1709568613.45497,1709568613.45534,1709568613.59678,1709568613.976
"x174",34099,1709568611.85594,1709568611.85605,1709568611.99205,1709568612.00441,1709568612.00456,1709568612.48176,1709568612.48277,1709568612.48305,1709568612.54402,1709568612.78603
"x175",12099,1709568611.78174,1709568611.78198,1709568611.8972,1709568611.8996,1709568611.89973,1709568611.90305,1709568611.90366,1709568611.90402,1709568611.9335,1709568612.13337
"x176",26799,1709568614.11578,1709568614.1159,1709568615.09477,1709568615.18338,1709568615.18353,1709568615.48481,1709568615.48604,1709568615.48638,1709568615.62189,1709568615.88376
"x177",30799,1709568614.41865,1709568614.41877,1709568615.32139,1709568615.34765,1709568615.34778,1709568615.75125,1709568615.75234,1709568615.75265,1709568615.85606,1709568616.13101
"x178",34099,1709568614.64332,1709568614.64347,1709568615.92444,1709568616.00043,1709568616.00059,1709568616.35779,1709568616.35954,1709568616.3599,1709568616.54028,1709568616.83299
"x179",22699,1709568614.55913,1709568614.55925,1709568615.4358,1709568615.4861,1709568615.48625,1709568615.69796,1709568615.69956,1709568615.69994,1709568615.85149,1709568616.08172
"x180",38149,1709568614.80509,1709568614.80522,1709568616.10781,1709568616.18067,1709568616.18082,1709568616.70106,1709568616.70311,1709568616.7034,1709568616.89113,1709568617.19937
"x181",18049,1709568615.53068,1709568615.53076,1709568616.13533,1709568616.14802,1709568616.14816,1709568616.27969,1709568616.28106,1709568616.28138,1709568616.35139,1709568616.67161
"x182",66699,1709568617.33746,1709568617.33757,1709568617.80013,1709568617.87049,1709568617.87065,1709568619.11663,1709568619.11926,1709568619.11962,1709568619.25261,1709568619.60061
"x183",10999,1709568615.44332,1709568615.44356,1709568615.52754,1709568615.52913,1709568615.52927,1709568615.53266,1709568615.5332,1709568615.53358,1709568615.55368,1709568615.76895
"x184",10999,1709568615.43713,1709568615.43738,1709568615.49579,1709568615.4973,1709568615.49743,1709568615.49985,1709568615.50038,1709568615.50072,1709568615.51793,1709568615.73355
"x185",32099,1709568616.01476,1709568616.01485,1709568617.37795,1709568617.48564,1709568617.4858,1709568617.86017,1709568617.86189,1709568617.86227,1709568618.07078,1709568618.70151
"x186",10999,1709568616.32548,1709568616.32571,1709568616.40147,1709568616.40325,1709568616.40339,1709568616.40667,1709568616.40733,1709568616.40767,1709568616.4385,1709568616.64325
"x187",14299,1709568616.6221,1709568616.6224,1709568616.73135,1709568616.7338,1709568616.73394,1709568616.74261,1709568616.74371,1709568616.74398,1709568616.77666,1709568617.01116
"x188",17599,1709568616.96063,1709568616.96105,1709568617.39149,1709568617.39545,1709568617.39557,1709568617.40228,1709568617.40308,1709568617.40342,1709568617.46391,1709568617.68623
"x189",13199,1709568617.32974,1709568617.32992,1709568617.41262,1709568617.4142,1709568617.4143,1709568617.41725,1709568617.41801,1709568617.41828,1709568617.4338,1709568617.65721
"x190",10999,1709568617.69505,1709568617.69527,1709568617.76025,1709568617.76193,1709568617.76206,1709568617.76374,1709568617.7643,1709568617.7646,1709568617.80105,1709568618.01687
"x191",13199,1709568618.07866,1709568618.07893,1709568618.24344,1709568618.24535,1709568618.24548,1709568618.24821,1709568618.24872,1709568618.24896,1709568618.28208,1709568618.4908
"x192",23149,1709568619.48247,1709568619.48295,1709568620.44305,1709568620.4501,1709568620.45025,1709568620.4684,1709568620.46952,1709568620.46978,1709568620.56673,1709568620.82977
"x193",12049,1709568619.6188,1709568619.61906,1709568619.6939,1709568619.69551,1709568619.69564,1709568619.69835,1709568619.69891,1709568619.69925,1709568619.73494,1709568619.93578
"x194",26249,1709568619.47793,1709568619.47806,1709568619.86282,1709568619.89263,1709568619.89279,1709568620.18624,1709568620.18735,1709568620.18766,1709568620.27492,1709568620.61784
"x195",11799,1709568621.27941,1709568621.27966,1709568621.35559,1709568621.35733,1709568621.35747,1709568621.36077,1709568621.36136,1709568621.36171,1709568621.37798,1709568621.61125
"x196",13199,1709568621.12219,1709568621.12245,1709568621.2195,1709568621.22141,1709568621.22156,1709568621.22648,1709568621.22709,1709568621.22743,1709568621.25769,1709568621.47537
"x197",13199,1709568621.70883,1709568621.70911,1709568621.79692,1709568621.79839,1709568621.79851,1709568621.80084,1709568621.8013,1709568621.80158,1709568621.8181,1709568622.03447
"x198",14299,1709568621.87143,1709568621.87172,1709568621.96797,1709568621.96943,1709568621.96956,1709568621.97606,1709568621.97682,1709568621.97716,1709568622.01323,1709568622.22984
"x199",15399,1709568622.08866,1709568622.08897,1709568622.22298,1709568622.22534,1709568622.22549,1709568622.22927,1709568622.24367,1709568622.24435,1709568622.27374,1709568622.50472
"x200",10549,1709568622.55786,1709568622.5581,1709568622.67862,1709568622.6812,1709568622.68135,1709568622.68761,1709568622.68852,1709568622.68882,1709568622.71438,1709568622.95979
"x201",10999,1709568623.43837,1709568623.43861,1709568623.51131,1709568623.51316,1709568623.51332,1709568623.51701,1709568623.51776,1709568623.51803,1709568623.53398,1709568623.77335
"x202",10499,1709568623.91021,1709568623.91042,1709568623.97371,1709568623.97536,1709568623.9755,1709568623.97786,1709568623.97846,1709568623.97874,1709568623.9966,1709568624.24584
"x203",10999,1709568624.39837,1709568624.3986,1709568624.47465,1709568624.47641,1709568624.47654,1709568624.47875,1709568624.47938,1709568624.4796,1709568624.49907,1709568624.72563
"x204",10999,1709568624.76585,1709568624.76609,1709568624.82664,1709568624.82809,1709568624.82821,1709568624.83023,1709568624.83071,1709568624.83091,1709568624.85896,1709568625.08691
"x205",17599,1709568624.96576,1709568624.96599,1709568625.06348,1709568625.06533,1709568625.06547,1709568625.06823,1709568625.06879,1709568625.06909,1709568625.09066,1709568625.31029
"x206",13199,1709568624.98232,1709568624.98252,1709568625.08726,1709568625.08887,1709568625.08901,1709568625.09491,1709568625.09544,1709568625.09566,1709568625.11714,1709568625.3178
"x207",10999,1709568624.99657,1709568624.99682,1709568625.34489,1709568625.34959,1709568625.34972,1709568625.35373,1709568625.35426,1709568625.35448,1709568625.4029,1709568625.61996
"x208",17199,1709568626.28682,1709568626.28689,1709568627.31295,1709568627.34178,1709568627.34191,1709568627.46997,1709568627.4708,1709568627.47125,1709568627.61337,1709568628.0075
"x209",34099,1709568625.37748,1709568625.37756,1709568626.76592,1709568626.86008,1709568626.86023,1709568627.23337,1709568627.23472,1709568627.23504,1709568627.41921,1709568628.05259
"x210",17599,1709568625.35599,1709568625.35622,1709568625.55025,1709568625.55295,1709568625.55308,1709568625.57672,1709568625.57764,1709568625.57797,1709568625.6057,1709568625.84439
"x211",12099,1709568626.92346,1709568626.92369,1709568627.00217,1709568627.00389,1709568627.00403,1709568627.00597,1709568627.0065,1709568627.00671,1709568627.03358,1709568627.25963
"x212",10999,1709568628.22637,1709568628.22662,1709568628.32324,1709568628.32492,1709568628.32503,1709568628.32806,1709568628.3285,1709568628.32873,1709568628.36337,1709568628.56048
"x213",12099,1709568628.70947,1709568628.70971,1709568628.75721,1709568628.75842,1709568628.75856,1709568628.76005,1709568628.76058,1709568628.76074,1709568628.7736,1709568629.02903
"x214",10999,1709568628.86604,1709568628.86621,1709568630.25395,1709568630.26151,1709568630.26167,1709568630.26837,1709568630.26912,1709568630.26949,1709568630.36905,1709568630.58444
"x215",18699,1709568629.77202,1709568629.77238,1709568629.8609,1709568629.86239,1709568629.8625,1709568629.86578,1709568629.86622,1709568629.86648,1709568629.8837,1709568630.11345
"x216",14299,1709568630.09684,1709568630.09713,1709568630.22012,1709568630.22246,1709568630.22261,1709568630.22584,1709568630.22642,1709568630.22679,1709568630.26511,1709568630.47554
"x217",12099,1709568630.42474,1709568630.42499,1709568630.51986,1709568630.52166,1709568630.52179,1709568630.52771,1709568630.52853,1709568630.52887,1709568630.54618,1709568630.79064
"x218",12699,1709568630.45081,1709568630.4509,1709568630.77227,1709568630.78855,1709568630.7887,1709568630.88162,1709568630.88324,1709568630.8835,1709568630.95658,1709568631.26937
"x219",18699,1709568631.07657,1709568631.07693,1709568631.32445,1709568631.32774,1709568631.32788,1709568631.33425,1709568631.335,1709568631.33533,1709568631.38393,1709568631.60568
"x220",11999,1709568631.52316,1709568631.5234,1709568631.61996,1709568631.63799,1709568631.63815,1709568631.6435,1709568631.64431,1709568631.64466,1709568631.67015,1709568631.88394
"x221",10149,1709568632.22312,1709568632.22334,1709568632.27906,1709568632.28042,1709568632.28054,1709568632.28257,1709568632.28305,1709568632.28334,1709568632.31409,1709568632.5101
"x222",12099,1709568631.33319,1709568631.33345,1709568631.46871,1709568631.47102,1709568631.47116,1709568631.47852,1709568631.47945,1709568631.47976,1709568631.51965,1709568631.73573
"x223",10999,1709568631.39008,1709568631.39032,1709568631.44884,1709568631.45002,1709568631.45012,1709568631.45339,1709568631.45382,1709568631.4541,1709568631.47659,1709568631.71373
"x224",14299,1709568631.46564,1709568631.46592,1709568631.58444,1709568631.58649,1709568631.58664,1709568631.59123,1709568631.59203,1709568631.59226,1709568631.61702,1709568631.84027
"x225",10999,1709568631.62636,1709568631.62658,1709568631.70004,1709568631.7012,1709568631.70136,1709568631.70305,1709568631.70353,1709568631.70375,1709568631.72176,1709568631.95487
"x226",10999,1709568632.68882,1709568632.68907,1709568632.75267,1709568632.7538,1709568632.7539,1709568632.75556,1709568632.75597,1709568632.75625,1709568632.76897,1709568632.95893
"x227",14299,1709568632.98669,1709568632.98698,1709568633.16066,1709568633.16323,1709568633.16336,1709568633.16888,1709568633.16976,1709568633.17009,1709568633.19928,1709568633.41784
"x228",11649,1709568633.86469,1709568633.86494,1709568633.96076,1709568633.96246,1709568633.9626,1709568633.96469,1709568633.96508,1709568633.96531,1709568633.98276,1709568634.18625
"x229",16499,1709568633.15756,1709568633.15789,1709568633.30141,1709568633.30345,1709568633.30358,1709568633.3081,1709568633.30877,1709568633.3091,1709568633.33406,1709568633.55006
"x230",35499,1709568633.3981,1709568633.39819,1709568635.69744,1709568635.77158,1709568635.77172,1709568636.14805,1709568636.15017,1709568636.15055,1709568636.35133,1709568636.57053
"x231",23527,1709568633.42937,1709568633.42949,1709568633.8535,1709568633.87135,1709568633.87151,1709568634.04803,1709568634.04926,1709568634.04957,1709568634.13822,1709568634.37743
"x232",20299,1709568511.35002,1709568511.35011,1709568512.79836,1709568512.87145,1709568512.87159,1709568513.02883,1709568513.02971,1709568513.03007,1709568513.18567,1709568513.5945
"x233",15399,1709568511.39954,1709568511.39974,1709568511.49554,1709568511.49691,1709568511.49706,1709568511.50066,1709568511.50127,1709568511.50153,1709568511.52043,1709568511.71587
"x234",10999,1709568511.48543,1709568511.48568,1709568511.54371,1709568511.54479,1709568511.54493,1709568511.54666,1709568511.54723,1709568511.54749,1709568511.56054,1709568511.77711
"x235",10999,1709568511.52109,1709568511.52134,1709568511.61773,1709568511.61928,1709568511.61938,1709568511.62265,1709568511.62318,1709568511.62341,1709568511.65426,1709568511.87979
"x236",13199,1709568511.71774,1709568511.71799,1709568511.88722,1709568511.88901,1709568511.88912,1709568511.89614,1709568511.89675,1709568511.89698,1709568511.93419,1709568512.14269
"x237",14299,1709568512.02207,1709568512.02233,1709568512.10627,1709568512.10797,1709568512.1081,1709568512.11118,1709568512.11178,1709568512.11203,1709568512.13115,1709568512.35299
"x238",12099,1709568512.21618,1709568512.21643,1709568512.38846,1709568512.39011,1709568512.39023,1709568512.39314,1709568512.39371,1709568512.39406,1709568512.43501,1709568512.65039
"x239",12099,1709568512.24752,1709568512.2476,1709568512.29557,1709568512.29963,1709568512.29976,1709568512.36343,1709568512.36407,1709568512.36438,1709568512.38861,1709568512.62842
"x240",10999,1709568513.61471,1709568513.61491,1709568513.70358,1709568513.70508,1709568513.70519,1709568513.70721,1709568513.70765,1709568513.70789,1709568513.72451,1709568513.94602
"x241",15399,1709568513.76567,1709568513.76593,1709568515.46002,1709568515.4811,1709568515.48125,1709568515.50711,1709568515.50831,1709568515.50864,1709568515.64855,1709568515.86448
"x242",14299,1709568513.83048,1709568513.83079,1709568513.93464,1709568513.93637,1709568513.93648,1709568513.9405,1709568513.94107,1709568513.94143,1709568513.96438,1709568514.16412
"x243",10999,1709568514.05564,1709568514.05579,1709568515.23245,1709568515.242,1709568515.24215,1709568515.24711,1709568515.24793,1709568515.24825,1709568515.36833,1709568515.58631
"x244",10999,1709568514.09722,1709568514.09744,1709568514.13426,1709568514.13502,1709568514.13513,1709568514.13691,1709568514.13749,1709568514.13773,1709568514.14657,1709568514.35774
"x245",10999,1709568514.52441,1709568514.52465,1709568514.61262,1709568514.61481,1709568514.61495,1709568514.61799,1709568514.61855,1709568514.61889,1709568514.64174,1709568514.87604
"x246",10999,1709568514.59625,1709568514.5964,1709568514.65594,1709568514.6573,1709568514.65744,1709568514.66059,1709568514.66119,1709568514.66154,1709568514.68492,1709568514.92217
"x247",10999,1709568514.593,1709568514.59324,1709568514.65885,1709568514.66017,1709568514.66027,1709568514.66385,1709568514.66437,1709568514.6647,1709568514.68383,1709568514.91957
"x248",15399,1709568514.79506,1709568514.79534,1709568515.21397,1709568515.21597,1709568515.21611,1709568515.21978,1709568515.22015,1709568515.22035,1709568515.24287,1709568515.47464
"x249",10699,1709568516.25196,1709568516.25218,1709568516.32041,1709568516.32188,1709568516.32201,1709568516.32598,1709568516.3267,1709568516.32702,1709568516.34428,1709568516.57275
"x250",14999,1709568515.1651,1709568515.16537,1709568515.34743,1709568515.3499,1709568515.35003,1709568515.3665,1709568515.36744,1709568515.36785,1709568515.39713,1709568515.62698
"x251",12099,1709568514.81031,1709568514.81057,1709568514.90828,1709568514.90945,1709568514.90955,1709568514.91168,1709568514.91212,1709568514.91235,1709568514.93048,1709568515.13776
"x252",10999,1709568515.60239,1709568515.60261,1709568515.62659,1709568515.62737,1709568515.62749,1709568515.62901,1709568515.62954,1709568515.6298,1709568515.63993,1709568515.84761
"x253",10999,1709568515.36665,1709568515.36688,1709568515.46873,1709568515.47063,1709568515.47077,1709568515.47816,1709568515.47888,1709568515.47924,1709568515.50013,1709568515.69099
"x254",15399,1709568515.81064,1709568515.81089,1709568515.9393,1709568515.94141,1709568515.94154,1709568515.94573,1709568515.94641,1709568515.94674,1709568515.97937,1709568516.17687
"x255",18699,1709568515.6296,1709568515.62986,1709568515.79161,1709568515.79361,1709568515.79375,1709568515.79827,1709568515.79881,1709568515.79903,1709568515.84015,1709568516.06872
"x256",10999,1709568516.30101,1709568516.30123,1709568516.35118,1709568516.35243,1709568516.35255,1709568516.35472,1709568516.35524,1709568516.35553,1709568516.37863,1709568516.59074
"x257",13199,1709568516.85933,1709568516.85957,1709568516.96801,1709568516.97008,1709568516.97021,1709568516.97656,1709568516.97719,1709568516.97753,1709568517.01177,1709568517.23634
"x258",14299,1709568518.51313,1709568518.51344,1709568518.62296,1709568518.62458,1709568518.62468,1709568518.62687,1709568518.62732,1709568518.62754,1709568518.66222,1709568518.87126
"x259",10999,1709568518.7232,1709568518.72345,1709568518.78688,1709568518.78855,1709568518.78868,1709568518.79245,1709568518.7931,1709568518.79344,1709568518.81017,1709568519.02542
"x260",10999,1709568518.98297,1709568518.98319,1709568519.06685,1709568519.06856,1709568519.06868,1709568519.07117,1709568519.07166,1709568519.07183,1709568519.09221,1709568519.29429
"x261",10999,1709568519.01827,1709568519.01851,1709568519.1189,1709568519.12052,1709568519.12066,1709568519.12435,1709568519.12499,1709568519.12537,1709568519.14642,1709568519.34274
"x262",10749,1709568520.00055,1709568520.00078,1709568520.23665,1709568520.24077,1709568520.24092,1709568520.24412,1709568520.24481,1709568520.24513,1709568520.2881,1709568520.52588
"x263",13199,1709568519.28536,1709568519.28548,1709568519.35856,1709568519.363,1709568519.36311,1709568519.44027,1709568519.44084,1709568519.4411,1709568519.47904,1709568519.68752
"x264",24549,1709568519.68804,1709568519.68816,1709568520.90147,1709568520.97222,1709568520.97238,1709568521.22908,1709568521.23053,1709568521.23087,1709568521.4024,1709568521.84439
"x265",12398,1709568633.62019,1709568633.62028,1709568633.72821,1709568633.73436,1709568633.7345,1709568633.82259,1709568633.82348,1709568633.82369,1709568633.86239,1709568634.11417
"x266",10999,1709568633.58139,1709568633.58147,1709568633.68923,1709568633.69482,1709568633.69496,1709568633.74471,1709568633.74614,1709568633.74638,1709568633.78026,1709568634.03783
"x267",26499,1709568634.25867,1709568634.25877,1709568634.43834,1709568634.45197,1709568634.45213,1709568634.69668,1709568634.69773,1709568634.69803,1709568634.77106,1709568635.0296
"x268",12699,1709568633.72733,1709568633.72742,1709568633.85551,1709568633.86205,1709568633.86219,1709568633.93395,1709568633.93479,1709568633.93508,1709568633.97296,1709568634.20925
"x269",24499,1709568633.7662,1709568633.7663,1709568634.83498,1709568634.89702,1709568634.89717,1709568635.10132,1709568635.10349,1709568635.10383,1709568635.2214,1709568635.4607
"x270",19799,1709568633.76968,1709568633.76978,1709568634.02675,1709568634.03442,1709568634.03456,1709568634.14615,1709568634.14811,1709568634.14847,1709568634.209,1709568634.4689
"x271",17746,1709568633.73084,1709568633.73093,1709568633.8945,1709568633.90173,1709568633.90187,1709568633.98957,1709568633.99091,1709568633.99122,1709568634.03471,1709568634.31413
"x272",10999,1709568633.71262,1709568633.71271,1709568633.89245,1709568633.89844,1709568633.89858,1709568633.9347,1709568633.93575,1709568633.93603,1709568634.00003,1709568634.26292
"x273",20999,1709568633.88074,1709568633.88086,1709568634.82894,1709568634.86161,1709568634.86176,1709568634.98092,1709568634.98265,1709568634.98288,1709568635.1113,1709568635.38227
"x274",34099,1709568634.52001,1709568634.52017,1709568636.04995,1709568636.14766,1709568636.14781,1709568636.47195,1709568636.47485,1709568636.47517,1709568636.61251,1709568636.78985
"x275",17599,1709568634.31929,1709568634.31941,1709568634.53227,1709568634.54088,1709568634.54104,1709568634.63645,1709568634.63808,1709568634.63844,1709568634.70205,1709568634.97874
"x276",16499,1709568634.42037,1709568634.42046,1709568634.68035,1709568634.68662,1709568634.68674,1709568634.75357,1709568634.75516,1709568634.75553,1709568634.81905,1709568635.08244
"x277",19802,1709568634.49768,1709568634.49778,1709568634.69046,1709568634.7002,1709568634.70035,1709568634.84167,1709568634.84372,1709568634.84407,1709568634.9021,1709568635.15678
"x278",21999,1709568634.5463,1709568634.54641,1709568634.73488,1709568634.7472,1709568634.74735,1709568634.91114,1709568634.912,1709568634.91219,1709568634.98025,1709568635.28061
"x279",18699,1709568634.54557,1709568634.54567,1709568634.77298,1709568634.78482,1709568634.78496,1709568634.91099,1709568634.91174,1709568634.91194,1709568634.96525,1709568635.27449
"x280",11699,1709568635.05442,1709568635.0547,1709568635.14966,1709568635.15141,1709568635.15154,1709568635.15837,1709568635.15914,1709568635.15952,1709568635.17942,1709568635.42574
"x281",21999,1709568634.64291,1709568634.643,1709568634.8346,1709568634.85394,1709568634.8541,1709568635.07478,1709568635.07582,1709568635.07606,1709568635.1328,1709568635.37937
"x282",14960,1709568634.62983,1709568634.62992,1709568634.81615,1709568634.82417,1709568634.8243,1709568634.93225,1709568634.93321,1709568634.9335,1709568634.97624,1709568635.23822
"x283",19799,1709568519.67405,1709568519.67413,1709568520.81459,1709568520.85439,1709568520.85452,1709568521.01976,1709568521.02065,1709568521.02102,1709568521.17701,1709568521.61713
"x284",13199,1709568519.818,1709568519.81828,1709568519.89949,1709568519.90069,1709568519.90079,1709568519.90495,1709568519.90576,1709568519.90612,1709568519.9254,1709568520.15997
"x285",16499,1709568519.98942,1709568519.98974,1709568520.10932,1709568520.1109,1709568520.11104,1709568520.11741,1709568520.11795,1709568520.11821,1709568520.15795,1709568520.37036
"x286",11949,1709568520.91047,1709568520.91059,1709568521.36764,1709568521.39047,1709568521.39063,1709568521.47544,1709568521.47618,1709568521.47641,1709568521.54785,1709568521.81858
"x287",23299,1709568521.21052,1709568521.21064,1709568521.29923,1709568521.31002,1709568521.31016,1709568521.5436,1709568521.54444,1709568521.54476,1709568521.58588,1709568521.83385
"x288",16499,1709568521.37072,1709568521.37104,1709568521.50234,1709568521.50405,1709568521.50415,1709568521.50956,1709568521.51013,1709568521.51047,1709568521.54166,1709568521.76163
"x289",10999,1709568521.61926,1709568521.61951,1709568521.66424,1709568521.66504,1709568521.66516,1709568521.6772,1709568521.67796,1709568521.67835,1709568521.6932,1709568521.92317
"x290",10999,1709568522.38803,1709568522.38824,1709568522.43702,1709568522.43819,1709568522.43833,1709568522.44013,1709568522.44064,1709568522.44087,1709568522.45297,1709568522.64613
"x291",10999,1709568522.49557,1709568522.49581,1709568522.59023,1709568522.59211,1709568522.59224,1709568522.6009,1709568522.60172,1709568522.60205,1709568522.62068,1709568522.83688
"x292",18699,1709568522.77168,1709568522.77194,1709568523.05103,1709568523.05415,1709568523.05429,1709568523.06359,1709568523.06445,1709568523.06475,1709568523.11437,1709568523.34166
"x293",10599,1709568522.93889,1709568522.93909,1709568522.99617,1709568522.99767,1709568522.99778,1709568523.00032,1709568523.00084,1709568523.00105,1709568523.02429,1709568523.25757
"x294",14299,1709568522.66904,1709568522.66933,1709568522.76091,1709568522.7623,1709568522.76244,1709568522.76663,1709568522.76723,1709568522.76752,1709568522.79706,1709568522.99957
"x295",15399,1709568522.70123,1709568522.70153,1709568522.77455,1709568522.78507,1709568522.78523,1709568522.78758,1709568522.78803,1709568522.78821,1709568522.80551,1709568523.03083
"x296",14299,1709568522.76714,1709568522.76738,1709568522.86629,1709568522.86808,1709568522.86822,1709568522.87516,1709568522.87596,1709568522.87628,1709568522.89577,1709568523.10446
"x297",10999,1709568523.40754,1709568523.40767,1709568523.49945,1709568523.50255,1709568523.50268,1709568523.52281,1709568523.5232,1709568523.52338,1709568523.55676,1709568523.816
"x298",10999,1709568523.57317,1709568523.57342,1709568523.64729,1709568523.64879,1709568523.64891,1709568523.6531,1709568523.65366,1709568523.65397,1709568523.67024,1709568523.89062
"x299",13199,1709568523.93501,1709568523.93519,1709568524.05015,1709568524.05239,1709568524.05252,1709568524.05831,1709568524.05905,1709568524.05939,1709568524.08429,1709568524.27781
"x300",13199,1709568524.00965,1709568524.00992,1709568524.13522,1709568524.13734,1709568524.13749,1709568524.1428,1709568524.14337,1709568524.1436,1709568524.18292,1709568524.40473
"x301",16699,1709568524.48246,1709568524.48267,1709568524.63106,1709568524.63852,1709568524.63868,1709568524.74314,1709568524.74384,1709568524.74417,1709568524.78135,1709568525.01171
"x302",17599,1709568524.59406,1709568524.59427,1709568524.76363,1709568524.766,1709568524.7661,1709568524.77765,1709568524.77852,1709568524.77888,1709568524.80682,1709568525.02369
"x303",17599,1709568524.63586,1709568524.63625,1709568524.82296,1709568524.82598,1709568524.82612,1709568524.83192,1709568524.83262,1709568524.83291,1709568524.87691,1709568525.06223
"x304",16499,1709568524.87099,1709568524.87137,1709568525.01082,1709568525.01276,1709568525.01289,1709568525.01802,1709568525.01864,1709568525.01888,1709568525.04077,1709568525.27557
"x305",13099,1709568525.06667,1709568525.06696,1709568525.1463,1709568525.14759,1709568525.1477,1709568525.14995,1709568525.15045,1709568525.15066,1709568525.16616,1709568525.37479
"x306",11099,1709568525.43235,1709568525.43258,1709568525.51629,1709568525.51815,1709568525.51829,1709568525.52281,1709568525.52344,1709568525.52378,1709568525.55874,1709568525.75865
"x307",15399,1709568525.49413,1709568525.49443,1709568525.66777,1709568525.66984,1709568525.66994,1709568525.67889,1709568525.6795,1709568525.67978,1709568525.70741,1709568525.95203
"x308",10999,1709568525.88547,1709568525.88571,1709568525.94084,1709568525.94236,1709568525.94249,1709568525.95608,1709568525.95691,1709568525.95743,1709568525.97455,1709568526.18556
"x309",12099,1709568525.94619,1709568525.94637,1709568526.03321,1709568526.03515,1709568526.03528,1709568526.04164,1709568526.04241,1709568526.04274,1709568526.05992,1709568526.29386
"x310",12949,1709568527.72868,1709568527.72895,1709568527.81468,1709568527.81642,1709568527.81657,1709568527.82145,1709568527.82216,1709568527.82252,1709568527.83997,1709568528.05617
"x311",13199,1709568527.74615,1709568527.74643,1709568527.86368,1709568527.86583,1709568527.86597,1709568527.86956,1709568527.87016,1709568527.87053,1709568527.89558,1709568528.12122
"x312",15399,1709568528.30132,1709568528.30164,1709568528.46732,1709568528.47024,1709568528.47038,1709568528.47611,1709568528.47654,1709568528.47676,1709568528.50587,1709568528.74948
"x313",12099,1709568528.47789,1709568528.47814,1709568528.56077,1709568528.56264,1709568528.56279,1709568528.5661,1709568528.56678,1709568528.56698,1709568528.58454,1709568528.79652
"x314",16499,1709568528.53205,1709568528.53226,1709568528.71518,1709568528.71802,1709568528.71817,1709568528.72931,1709568528.7302,1709568528.73056,1709568528.76744,1709568528.98463
"x315",12099,1709568528.52578,1709568528.52604,1709568528.60133,1709568528.6029,1709568528.60301,1709568528.60916,1709568528.60975,1709568528.61004,1709568528.62675,1709568528.85466
"x316",16499,1709568634.68398,1709568634.68407,1709568635.26941,1709568635.28055,1709568635.28069,1709568635.37519,1709568635.3757,1709568635.37583,1709568635.43404,1709568635.73844
"x317",10070,1709568634.56278,1709568634.56284,1709568634.74072,1709568634.7484,1709568634.74852,1709568634.79098,1709568634.79158,1709568634.7917,1709568634.83431,1709568635.15134
"x318",15249,1709568634.76366,1709568634.76374,1709568635.98557,1709568636.01428,1709568636.01439,1709568636.10849,1709568636.10919,1709568636.10955,1709568636.26818,1709568636.6236
"x319",14299,1709568634.77403,1709568634.77411,1709568635.02074,1709568635.03095,1709568635.0311,1709568635.10706,1709568635.10786,1709568635.10802,1709568635.18385,1709568635.47975
"x320",11114,1709568634.73667,1709568634.73674,1709568635.56242,1709568635.57292,1709568635.57303,1709568635.64185,1709568635.64257,1709568635.6428,1709568635.71918,1709568636.00755
"x321",24199,1709568635.1769,1709568635.17697,1709568635.35949,1709568635.37379,1709568635.37394,1709568635.60518,1709568635.60614,1709568635.60635,1709568635.69526,1709568635.99459
"x322",16199,1709568529.74865,1709568529.74899,1709568529.98522,1709568529.98796,1709568529.98807,1709568530.00914,1709568530.01009,1709568530.01038,1709568530.04622,1709568530.27163
"x323",10999,1709568529.33792,1709568529.33814,1709568529.45938,1709568529.46142,1709568529.46156,1709568529.46555,1709568529.46625,1709568529.46648,1709568529.49224,1709568529.69086
"x324",20399,1709568530.68746,1709568530.68754,1709568530.91313,1709568530.92541,1709568530.92558,1709568531.10846,1709568531.10935,1709568531.10955,1709568531.18739,1709568531.48261
"x325",10499,1709568530.04417,1709568530.04428,1709568531.08782,1709568531.11196,1709568531.11211,1709568531.17303,1709568531.17376,1709568531.17405,1709568531.31078,1709568531.61832
"x326",11249,1709568531.62465,1709568531.62489,1709568531.72098,1709568531.72299,1709568531.72313,1709568531.72541,1709568531.72592,1709568531.72619,1709568531.74651,1709568531.97703
"x327",14299,1709568531.31487,1709568531.31516,1709568531.54942,1709568531.55326,1709568531.5534,1709568531.55958,1709568531.56023,1709568531.56052,1709568531.59832,1709568531.83003
"x328",10249,1709568531.7713,1709568531.77142,1709568531.78689,1709568531.78786,1709568531.78799,1709568531.7973,1709568531.79811,1709568531.79845,1709568531.80623,1709568532.0211
"x329",12849,1709568532.08852,1709568532.08883,1709568532.23267,1709568532.23486,1709568532.23498,1709568532.23819,1709568532.23908,1709568532.23944,1709568532.27959,1709568532.47991
"x330",10999,1709568531.95724,1709568531.95749,1709568532.05034,1709568532.05262,1709568532.05275,1709568532.05641,1709568532.05689,1709568532.05712,1709568532.08624,1709568532.30245
"x331",13199,1709568532.78374,1709568532.78401,1709568532.86922,1709568532.87116,1709568532.87129,1709568532.90997,1709568532.91063,1709568532.91103,1709568532.93415,1709568533.15029
"x332",15399,1709568532.8833,1709568532.88361,1709568533.05864,1709568533.0616,1709568533.06174,1709568533.07086,1709568533.07167,1709568533.072,1709568533.1061,1709568533.31354
"x333",13199,1709568533.38206,1709568533.38226,1709568533.53157,1709568533.53422,1709568533.53437,1709568533.54037,1709568533.54123,1709568533.54168,1709568533.58297,1709568533.8195
"x334",10999,1709568533.73435,1709568533.7346,1709568533.78037,1709568533.78171,1709568533.78182,1709568533.78615,1709568533.78683,1709568533.78713,1709568533.80438,1709568534.02918
"x335",10999,1709568534.07525,1709568534.07546,1709568534.15549,1709568534.15713,1709568534.15726,1709568534.15955,1709568534.16006,1709568534.16037,1709568534.18899,1709568534.39628
"x336",11999,1709568534.57541,1709568534.57563,1709568534.65459,1709568534.65647,1709568534.65661,1709568534.66331,1709568534.66404,1709568534.66437,1709568534.68256,1709568534.90178
"x337",10299,1709568534.80508,1709568534.80535,1709568534.96295,1709568534.96571,1709568534.96585,1709568534.97107,1709568534.9718,1709568534.97215,1709568535.0005,1709568535.24301
"x338",10999,1709568534.84661,1709568534.84682,1709568534.90795,1709568534.90914,1709568534.90925,1709568534.91201,1709568534.91253,1709568534.91289,1709568534.92841,1709568535.13006
"x339",35872,1709568535.02318,1709568535.02328,1709568536.33872,1709568536.4143,1709568536.41442,1709568536.80801,1709568536.80995,1709568536.81029,1709568537.01304,1709568537.61693
"x340",14299,1709568635.10864,1709568635.1087,1709568635.2496,1709568635.25882,1709568635.25898,1709568635.34484,1709568635.34581,1709568635.34606,1709568635.40117,1709568635.73762
"x341",17261,1709568635.41994,1709568635.42003,1709568635.61122,1709568635.61982,1709568635.61997,1709568635.75681,1709568635.75815,1709568635.75841,1709568635.80379,1709568636.04633
"x342",10999,1709568534.96278,1709568534.96293,1709568535.065,1709568535.06724,1709568535.06737,1709568535.07006,1709568535.07061,1709568535.07091,1709568535.09403,1709568535.2944
"x343",14199,1709568535.18633,1709568535.18664,1709568535.31339,1709568535.31517,1709568535.3153,1709568535.31975,1709568535.32032,1709568535.32055,1709568535.34494,1709568535.54415
"x344",12849,1709568537.10696,1709568537.10723,1709568537.22248,1709568537.22454,1709568537.22466,1709568537.23078,1709568537.23139,1709568537.23168,1709568537.254,1709568537.47131
"x345",21299,1709568537.74717,1709568537.7473,1709568538.00447,1709568538.02518,1709568538.02531,1709568538.23726,1709568538.23861,1709568538.23882,1709568538.32454,1709568538.59978
"x346",15399,1709568537.62659,1709568537.62692,1709568537.81757,1709568537.82049,1709568537.82063,1709568537.82687,1709568537.82752,1709568537.82787,1709568537.87657,1709568538.10703
"x347",13199,1709568537.64202,1709568537.6423,1709568537.7829,1709568537.78501,1709568537.78514,1709568537.79118,1709568537.79186,1709568537.79217,1709568537.81285,1709568538.01221
"x348",12099,1709568537.70336,1709568537.70355,1709568537.81047,1709568537.81251,1709568537.81265,1709568537.81579,1709568537.81639,1709568537.81667,1709568537.86189,1709568538.08755
"x349",12799,1709568538.24679,1709568538.24704,1709568538.34066,1709568538.34272,1709568538.34287,1709568538.34944,1709568538.35025,1709568538.35058,1709568538.36997,1709568538.58022
"x350",10999,1709568538.61672,1709568538.61687,1709568538.68591,1709568538.68751,1709568538.68765,1709568538.69062,1709568538.69111,1709568538.69146,1709568538.70699,1709568538.91874
"x351",15399,1709568538.77005,1709568538.77033,1709568538.91661,1709568538.91889,1709568538.91904,1709568538.92241,1709568538.92307,1709568538.92338,1709568538.96299,1709568539.16197
"x352",13199,1709568538.99153,1709568538.99181,1709568539.15245,1709568539.15538,1709568539.15552,1709568539.16042,1709568539.16115,1709568539.16152,1709568539.21514,1709568539.42863
"x353",13199,1709568539.1062,1709568539.10648,1709568539.28325,1709568539.28592,1709568539.28606,1709568539.29207,1709568539.29282,1709568539.29317,1709568539.34214,1709568539.57433
"x354",12099,1709568539.42649,1709568539.42674,1709568539.4739,1709568539.47497,1709568539.47509,1709568539.47772,1709568539.47831,1709568539.47857,1709568539.49317,1709568539.68894
"x355",10999,1709568539.34286,1709568539.34305,1709568539.43741,1709568539.4395,1709568539.43963,1709568539.46283,1709568539.46359,1709568539.464,1709568539.48712,1709568539.69303
"x356",12899,1709568539.75749,1709568539.75778,1709568539.85961,1709568539.88173,1709568539.88187,1709568539.88779,1709568539.88841,1709568539.8887,1709568539.91204,1709568540.1188
"x357",13909,1709568540.85421,1709568540.85434,1709568542.66622,1709568542.6867,1709568542.68681,1709568542.75126,1709568542.75234,1709568542.75267,1709568542.88836,1709568543.11075
"x358",17216,1709568635.61942,1709568635.61952,1709568636.74545,1709568636.77134,1709568636.77147,1709568636.84621,1709568636.84697,1709568636.84722,1709568636.94852,1709568637.27916
"x359",10999,1709568635.70034,1709568635.70056,1709568635.82668,1709568635.829,1709568635.82914,1709568635.8328,1709568635.83326,1709568635.83355,1709568635.85758,1709568636.09219
"x360",10999,1709568540.48462,1709568540.48486,1709568540.57261,1709568540.57473,1709568540.57486,1709568540.57799,1709568540.5786,1709568540.57892,1709568540.61469,1709568540.81452
"x361",10999,1709568541.36726,1709568541.3675,1709568541.47324,1709568541.47449,1709568541.47459,1709568541.47746,1709568541.47806,1709568541.47841,1709568541.50028,1709568541.70639
"x362",10999,1709568541.51139,1709568541.51155,1709568541.63882,1709568541.64149,1709568541.6416,1709568541.6443,1709568541.64495,1709568541.64532,1709568541.67285,1709568541.88055
"x363",10999,1709568541.73918,1709568541.73941,1709568541.80284,1709568541.80431,1709568541.80444,1709568541.8074,1709568541.8081,1709568541.80843,1709568541.84056,1709568542.06218
"x364",13199,1709568541.95557,1709568541.95565,1709568542.02209,1709568542.03002,1709568542.03019,1709568542.10659,1709568542.10722,1709568542.10744,1709568542.14987,1709568542.42447
"x365",15099,1709568543.16326,1709568543.16357,1709568543.38507,1709568543.3887,1709568543.38885,1709568543.39433,1709568543.39499,1709568543.3953,1709568543.42848,1709568543.64273
"x366",10999,1709568542.75331,1709568542.75355,1709568542.86993,1709568542.87168,1709568542.87179,1709568542.87734,1709568542.87817,1709568542.8785,1709568542.89938,1709568543.1178
"x367",10999,1709568542.74713,1709568542.74729,1709568542.82884,1709568542.83056,1709568542.83068,1709568542.83363,1709568542.83403,1709568542.83437,1709568542.87137,1709568543.10058
"x368",10999,1709568542.81889,1709568542.81906,1709568542.88743,1709568542.88888,1709568542.88902,1709568542.89088,1709568542.89142,1709568542.89163,1709568542.9083,1709568543.12642
"x369",10999,1709568543.34383,1709568543.34398,1709568543.43461,1709568543.43667,1709568543.43685,1709568543.43979,1709568543.44041,1709568543.44084,1709568543.4604,1709568543.67431
"x370",11949,1709568543.81281,1709568543.81307,1709568543.91712,1709568543.91912,1709568543.91925,1709568543.92371,1709568543.92429,1709568543.92463,1709568543.95867,1709568544.19196
"x371",13199,1709568543.69198,1709568543.69223,1709568543.83072,1709568543.83297,1709568543.8331,1709568543.83718,1709568543.83782,1709568543.83811,1709568543.88292,1709568544.11027
"x372",14299,1709568544.2612,1709568544.26151,1709568544.37168,1709568544.37295,1709568544.37305,1709568544.37523,1709568544.37566,1709568544.37582,1709568544.39854,1709568544.60198
"x373",14299,1709568544.66768,1709568544.66786,1709568544.75229,1709568544.7538,1709568544.75394,1709568544.75662,1709568544.75715,1709568544.75745,1709568544.78476,1709568544.99496
"x374",10999,1709568545.16222,1709568545.16237,1709568545.2007,1709568545.2018,1709568545.20194,1709568545.20324,1709568545.21431,1709568545.21486,1709568545.2271,1709568545.43353
"x375",20099,1709568546.31978,1709568546.31986,1709568546.35685,1709568546.36212,1709568546.36227,1709568546.53969,1709568546.54071,1709568546.54105,1709568546.57873,1709568546.80852
"x376",12099,1709568546.32105,1709568546.3213,1709568546.41889,1709568546.421,1709568546.42115,1709568546.42625,1709568546.42711,1709568546.42743,1709568546.44972,1709568546.67463
"x377",14299,1709568546.40026,1709568546.40031,1709568546.43932,1709568546.44396,1709568546.4441,1709568546.53131,1709568546.53201,1709568546.53229,1709568546.58868,1709568546.79177
"x378",17249,1709568546.98095,1709568546.98116,1709568547.23172,1709568547.23545,1709568547.23561,1709568547.2516,1709568547.25233,1709568547.25269,1709568547.3005,1709568547.54042
"x379",12099,1709568546.62184,1709568546.62203,1709568546.7408,1709568546.74318,1709568546.74335,1709568546.74729,1709568546.74798,1709568546.74829,1709568546.79077,1709568546.98451
"x380",10999,1709568546.61046,1709568546.61069,1709568546.68942,1709568546.69088,1709568546.69099,1709568546.69304,1709568546.69357,1709568546.69375,1709568546.71923,1709568546.94092
"x381",43299,1709568547.05138,1709568547.05152,1709568548.28276,1709568548.37364,1709568548.37378,1709568548.89034,1709568548.89156,1709568548.89194,1709568549.05536,1709568549.30898
"x382",11599,1709568546.99887,1709568546.99913,1709568547.10311,1709568547.1048,1709568547.10495,1709568547.11038,1709568547.11121,1709568547.11157,1709568547.46693,1709568547.67008
"x383",13199,1709568547.33649,1709568547.33678,1709568547.47575,1709568547.47852,1709568547.47866,1709568547.48393,1709568547.48439,1709568547.48463,1709568547.52852,1709568547.73263
"x384",12249,1709568547.64871,1709568547.64892,1709568547.77344,1709568547.77595,1709568547.77611,1709568547.77973,1709568547.78049,1709568547.78082,1709568547.80688,1709568548.02044
"x385",10999,1709568548.58824,1709568548.58848,1709568548.70604,1709568548.70772,1709568548.70785,1709568548.70873,1709568548.70905,1709568548.70915,1709568548.73053,1709568548.93867
"x386",12099,1709568549.02989,1709568549.03012,1709568549.89998,1709568549.9095,1709568549.90964,1709568549.95455,1709568549.95594,1709568549.95639,1709568550.04278,1709568550.40644
"x387",15399,1709568550.04582,1709568550.04614,1709568550.10735,1709568550.10862,1709568550.10876,1709568550.11182,1709568550.11244,1709568550.11267,1709568550.12867,1709568550.36349
"x388",11449,1709568550.67518,1709568550.67543,1709568550.75638,1709568550.75813,1709568550.75825,1709568550.76129,1709568550.76209,1709568550.76239,1709568550.78234,1709568550.99093
"x389",14299,1709568550.88283,1709568550.88307,1709568551.04989,1709568551.05218,1709568551.05229,1709568551.0579,1709568551.05851,1709568551.05874,1709568551.09721,1709568551.30049
"x390",10999,1709568551.45236,1709568551.4526,1709568551.55714,1709568551.55883,1709568551.55894,1709568551.56143,1709568551.56206,1709568551.56239,1709568551.58481,1709568551.81956
"x391",12099,1709568551.52832,1709568551.52856,1709568551.66064,1709568551.66333,1709568551.66348,1709568551.66726,1709568551.6678,1709568551.66804,1709568551.6938,1709568551.90999
"x392",11549,1709568551.55487,1709568551.55513,1709568551.67025,1709568551.67213,1709568551.67227,1709568551.67482,1709568551.67536,1709568551.67559,1709568551.69893,1709568551.92937
"x393",10999,1709568551.53369,1709568551.5339,1709568551.60234,1709568551.60429,1709568551.61717,1709568551.62138,1709568551.62206,1709568551.62229,1709568551.64255,1709568551.84555
"x394",10999,1709568553.22881,1709568553.22899,1709568553.57346,1709568553.57966,1709568553.57977,1709568553.62134,1709568553.62195,1709568553.62229,1709568553.6638,1709568553.89548
"x395",13199,1709568553.38206,1709568553.38234,1709568553.44206,1709568553.44314,1709568553.44325,1709568553.44465,1709568553.44515,1709568553.44538,1709568553.46034,1709568553.65269
"x396",10999,1709568553.53923,1709568553.53938,1709568553.60474,1709568553.6064,1709568553.60655,1709568553.6086,1709568553.60927,1709568553.60951,1709568553.63576,1709568553.84949
"x397",12099,1709568553.77061,1709568553.77078,1709568553.85682,1709568553.85868,1709568553.85882,1709568553.86278,1709568553.86332,1709568553.86367,1709568553.88262,1709568554.09415
"x398",14099,1709568554.44294,1709568554.44321,1709568554.56426,1709568554.56668,1709568554.56681,1709568554.57156,1709568554.57217,1709568554.57252,1709568554.59541,1709568554.81343
"x399",11249,1709568554.3701,1709568554.37034,1709568554.51818,1709568554.52059,1709568554.52073,1709568554.52458,1709568554.52503,1709568554.52537,1709568554.55086,1709568554.75777
"x400",10999,1709568554.33378,1709568554.33401,1709568554.41668,1709568554.42755,1709568554.42769,1709568554.43286,1709568554.43368,1709568554.43393,1709568554.45628,1709568554.67213
"x401",10999,1709568554.42555,1709568554.42581,1709568554.55951,1709568554.56177,1709568554.56191,1709568554.56462,1709568554.56526,1709568554.56562,1709568554.59552,1709568554.82941
"x402",19799,1709568554.67813,1709568554.67853,1709568554.9517,1709568554.95453,1709568554.95464,1709568554.95944,1709568554.96012,1709568554.96041,1709568554.99343,1709568555.17868
"x403",12099,1709568555.00944,1709568555.00971,1709568555.0609,1709568555.06243,1709568555.06257,1709568555.06843,1709568555.06896,1709568555.06918,1709568555.08152,1709568555.24
"x404",13199,1709568555.12716,1709568555.12742,1709568555.19194,1709568555.19355,1709568555.19369,1709568555.1959,1709568555.19633,1709568555.1965,1709568555.21993,1709568555.35646
"x405",10999,1709568555.9047,1709568555.90489,1709568555.97197,1709568555.97352,1709568555.97364,1709568555.99564,1709568555.9964,1709568555.99681,1709568556.01706,1709568556.23602
"x406",17599,1709568556.94201,1709568556.94238,1709568557.15994,1709568557.16253,1709568557.16267,1709568557.16875,1709568557.16935,1709568557.16973,1709568557.21914,1709568557.43472
"x407",12949,1709568556.98518,1709568556.98543,1709568557.15984,1709568557.16302,1709568557.16313,1709568557.1657,1709568557.16627,1709568557.1666,1709568557.19815,1709568557.40916
"x408",16499,1709568557.37494,1709568557.37503,1709568558.47411,1709568558.53469,1709568558.53485,1709568558.6606,1709568558.66165,1709568558.66194,1709568558.80702,1709568559.22286
"x409",18699,1709568557.12862,1709568557.12876,1709568558.46868,1709568558.52715,1709568558.52733,1709568558.66542,1709568558.66613,1709568558.66649,1709568558.88192,1709568559.25622
"x410",14299,1709568557.29268,1709568557.29288,1709568557.46845,1709568557.47114,1709568557.47128,1709568557.47773,1709568557.4785,1709568557.47884,1709568557.52754,1709568557.77484
"x411",14599,1709568558.71572,1709568558.71604,1709568558.86567,1709568558.86761,1709568558.86774,1709568558.87224,1709568558.87286,1709568558.87318,1709568558.90157,1709568559.13497
"x412",10099,1709568557.65667,1709568557.65686,1709568557.71937,1709568557.72097,1709568557.7211,1709568557.72477,1709568557.72543,1709568557.72588,1709568557.75574,1709568557.97066
"x413",10999,1709568559.14062,1709568559.14082,1709568559.24018,1709568559.24217,1709568559.2423,1709568559.2458,1709568559.24651,1709568559.24683,1709568559.27814,1709568559.50271
"x414",12099,1709568559.97146,1709568559.97173,1709568560.05696,1709568560.05885,1709568560.05897,1709568560.06334,1709568560.06396,1709568560.06426,1709568560.08176,1709568560.31405
"x415",15399,1709568560.38519,1709568560.38549,1709568560.55658,1709568560.55918,1709568560.55929,1709568560.56458,1709568560.56541,1709568560.56574,1709568560.61007,1709568560.81607
"x416",15399,1709568560.6122,1709568560.61252,1709568560.83169,1709568560.83395,1709568560.83406,1709568560.83827,1709568560.83889,1709568560.83919,1709568560.88954,1709568561.11025
"x417",17599,1709568561.06386,1709568561.06425,1709568561.31813,1709568561.32149,1709568561.32163,1709568561.33112,1709568561.33184,1709568561.33217,1709568561.38015,1709568561.58154
"x418",13849,1709568561.4605,1709568561.46078,1709568561.58312,1709568561.5854,1709568561.58553,1709568561.58813,1709568561.58861,1709568561.58885,1709568561.62336,1709568561.85994
"x419",17599,1709568561.36287,1709568561.36321,1709568561.57802,1709568561.58081,1709568561.58094,1709568561.59842,1709568561.59916,1709568561.59948,1709568561.6313,1709568561.85127
"x420",10999,1709568561.64389,1709568561.64406,1709568561.69772,1709568561.69919,1709568561.69931,1709568561.70154,1709568561.70206,1709568561.70231,1709568561.73505,1709568561.96897
"x421",10999,1709568561.64371,1709568561.64386,1709568561.7514,1709568561.75379,1709568561.7539,1709568561.76058,1709568561.76131,1709568561.76161,1709568561.78606,1709568562.00459
"x422",12999,1709568561.72599,1709568561.72616,1709568561.85003,1709568561.85228,1709568561.85241,1709568561.85614,1709568561.8568,1709568561.85708,1709568561.89004,1709568562.11246
"x423",13199,1709568561.8159,1709568561.81616,1709568561.98801,1709568561.99104,1709568561.99119,1709568561.99622,1709568561.99686,1709568561.99716,1709568562.02808,1709568562.24529
"x424",13199,1709568562.18023,1709568562.18051,1709568562.25905,1709568562.26087,1709568562.261,1709568562.26419,1709568562.26468,1709568562.26492,1709568562.28429,1709568562.51318
"x425",18699,1709568562.41047,1709568562.41086,1709568562.87186,1709568562.87523,1709568562.87535,1709568562.88877,1709568562.88996,1709568562.89033,1709568562.95242,1709568563.18239
"x426",13199,1709568562.50965,1709568562.50991,1709568562.66565,1709568562.66755,1709568562.66769,1709568562.67128,1709568562.68029,1709568562.68064,1709568562.71157,1709568562.90731
"x427",15499,1709568562.96293,1709568562.96319,1709568563.17094,1709568563.17457,1709568563.17472,1709568563.17843,1709568563.179,1709568563.17934,1709568563.21628,1709568563.42998
"x428",10249,1709568563.55534,1709568563.55553,1709568563.60027,1709568563.60134,1709568563.60148,1709568563.60347,1709568563.60407,1709568563.6043,1709568563.61878,1709568563.8094
"x429",10049,1709568562.71509,1709568562.71533,1709568562.82907,1709568562.83103,1709568562.83114,1709568562.8338,1709568562.83434,1709568562.83468,1709568562.86739,1709568563.09087
"x430",13199,1709568562.82749,1709568562.82775,1709568562.92899,1709568562.93125,1709568562.93139,1709568562.93911,1709568562.93985,1709568562.94017,1709568562.97658,1709568563.17799
"x431",16499,1709568563.18096,1709568563.18121,1709568563.37786,1709568563.38063,1709568563.38078,1709568563.39127,1709568563.39214,1709568563.39247,1709568563.41885,1709568563.64634
"x432",12099,1709568563.39327,1709568563.39336,1709568564.32792,1709568564.36285,1709568564.363,1709568564.45182,1709568564.45258,1709568564.45292,1709568564.58257,1709568564.92022
"x433",11449,1709568565.00657,1709568565.00683,1709568565.12839,1709568565.13082,1709568565.13097,1709568565.13538,1709568565.13628,1709568565.13663,1709568565.18335,1709568565.38424
"x434",10999,1709568564.7103,1709568564.71054,1709568564.78676,1709568564.78793,1709568564.78807,1709568564.79091,1709568564.79144,1709568564.79168,1709568564.81004,1709568565.02398
"x435",14299,1709568565.16669,1709568565.167,1709568565.34545,1709568565.34769,1709568565.34779,1709568565.35373,1709568565.35451,1709568565.35488,1709568565.40392,1709568565.63193
"x436",15399,1709568565.91661,1709568565.91687,1709568566.09648,1709568566.09923,1709568566.09938,1709568566.10493,1709568566.10576,1709568566.10609,1709568566.13906,1709568566.36972
"x437",13199,1709568566.69322,1709568566.69349,1709568566.96763,1709568566.97087,1709568566.97103,1709568566.97422,1709568566.97486,1709568566.97525,1709568567.04561,1709568567.24458
"x438",12099,1709568566.7954,1709568566.79558,1709568566.92164,1709568566.92363,1709568566.92373,1709568566.93004,1709568566.93078,1709568566.93102,1709568566.95582,1709568567.1642
"x439",13399,1709568568.15931,1709568568.15965,1709568568.25624,1709568568.25791,1709568568.25805,1709568568.26429,1709568568.26502,1709568568.26538,1709568568.30108,1709568568.51717
"x440",13549,1709568568.82595,1709568568.82623,1709568569.00151,1709568569.00428,1709568569.00442,1709568569.01191,1709568569.01276,1709568569.01308,1709568569.06115,1709568569.29301
"x441",12099,1709568568.01414,1709568568.01439,1709568568.0819,1709568568.08345,1709568568.08359,1709568568.08633,1709568568.08698,1709568568.09288,1709568568.11115,1709568568.33223
"x442",11849,1709568568.06418,1709568568.06443,1709568568.14967,1709568568.15174,1709568568.15188,1709568568.15589,1709568568.15659,1709568568.15694,1709568568.17724,1709568568.42883
"x443",14299,1709568567.87296,1709568567.8732,1709568568.01202,1709568568.01445,1709568568.0146,1709568568.0268,1709568568.0277,1709568568.02801,1709568568.04927,1709568568.26965
"x444",12099,1709568567.86854,1709568567.86878,1709568568.0181,1709568568.0205,1709568568.02064,1709568568.0243,1709568568.02499,1709568568.02535,1709568568.04851,1709568568.32221
"x445",10999,1709568567.87105,1709568567.87128,1709568567.96585,1709568567.96785,1709568567.968,1709568567.9717,1709568567.97233,1709568567.97268,1709568568.01005,1709568568.21934
"x446",10299,1709568569.05955,1709568569.05972,1709568569.14389,1709568569.14558,1709568569.14572,1709568569.15089,1709568569.15169,1709568569.15203,1709568569.17254,1709568569.38079
"x447",13199,1709568568.99045,1709568568.99075,1709568569.12862,1709568569.13114,1709568569.1313,1709568569.13899,1709568569.13977,1709568569.14015,1709568569.17041,1709568569.41266
"x448",12099,1709568569.18298,1709568569.18316,1709568569.40279,1709568569.41905,1709568569.41919,1709568569.42211,1709568569.42257,1709568569.4228,1709568569.45977,1709568569.65778
"x449",10999,1709568569.19769,1709568569.19792,1709568569.29013,1709568569.2917,1709568569.29185,1709568569.2943,1709568569.29473,1709568569.29502,1709568569.33107,1709568569.56658
"x450",15399,1709568569.78191,1709568569.78221,1709568569.95336,1709568569.95609,1709568569.9562,1709568569.96111,1709568569.96184,1709568569.96208,1709568569.98824,1709568570.22496
"x451",18699,1709568569.87818,1709568569.87858,1709568570.1094,1709568570.11247,1709568570.11261,1709568570.12147,1709568570.12225,1709568570.12256,1709568570.15358,1709568570.37726
"x452",10299,1709568570.54258,1709568570.54281,1709568570.61625,1709568570.61781,1709568570.61795,1709568570.61987,1709568570.62041,1709568570.62073,1709568570.64974,1709568570.84541
"x453",10999,1709568570.44125,1709568570.4415,1709568570.52032,1709568570.52177,1709568570.52189,1709568570.52443,1709568570.52489,1709568570.52516,1709568570.56257,1709568570.77185
"x454",10999,1709568570.84447,1709568570.84472,1709568570.94484,1709568570.94692,1709568570.94706,1709568570.95198,1709568570.95274,1709568570.95306,1709568570.98739,1709568571.20225
"x455",10999,1709568570.88877,1709568570.88901,1709568570.94597,1709568570.94704,1709568570.94715,1709568570.94848,1709568570.94897,1709568570.94926,1709568570.96274,1709568571.18374
"x456",10549,1709568571.23984,1709568571.24001,1709568571.2841,1709568571.29914,1709568571.29926,1709568571.30326,1709568571.30395,1709568571.30427,1709568571.31897,1709568571.53718
"x457",18299,1709568571.91226,1709568571.91259,1709568572.07991,1709568572.08241,1709568572.08252,1709568572.10234,1709568572.10297,1709568572.10323,1709568572.12903,1709568572.34213
"x458",15747,1709568571.56157,1709568571.56165,1709568572.72728,1709568572.75588,1709568572.75603,1709568572.84415,1709568572.84468,1709568572.84504,1709568573.01286,1709568573.45361
